,movieId,Title,tmdbId,Predicted Rating
0,549,Thirty Two Short Films About Glenn Gould,20967.0,7.0752105712890625
1,7008,Last Tango in Paris,1643.0,6.429952621459961
2,7587,Le Samouraï,5511.0,6.317597389221191
3,25906,Mr. Skeffington,43307.0,6.199708938598633
4,33649,Saving Face,19316.0,6.128612518310547
