,movieId,Title,tmdbId,Predicted Rating
0,1836,The Last Days of Disco,16980.0,5.156688690185547
1,3925,Stranger Than Paradise,469.0,5.142589569091797
2,6345,A Chorus Line,1816.0,5.060123443603516
3,92494,Dylan Moran: Monster,13976.0,5.052340030670166
4,177593,"Three Billboards Outside Ebbing, Missouri",359940.0,5.008157730102539
